{"Training Loss": 0.008468732282832042, "Training Acc": 0.9969296741233046, "Training AP": 0.9999521122919044, "_timestamp": 1691852780.5509741, "_runtime": 618.3573112487793, "_step": 87, "Validation Loss": 0.001559632070913267, "Validation Acc": 0.999375, "Validation AP": 0.9999995625624454}