{"Training Loss": 0.008468205696590158, "Training Acc": 0.9969324514420533, "Training AP": 0.9999521241855691, "_timestamp": 1691852854.4505239, "_runtime": 692.2568609714508, "_step": 91, "Validation Loss": 0.0015588615116753318, "Validation Acc": 0.999375, "Validation AP": 0.9999995625624454}