{"Training Loss": 0.0048994551530441195, "Training Acc": 0.9982544551664377, "Training AP": 0.9999845594118859, "_timestamp": 1691851329.1780624, "_runtime": 228.98317742347717, "_step": 19, "Validation Loss": 0.0036225677224715085, "Validation Acc": 0.999375, "Validation AP": 0.9999951510828361}